CellCcbiFileName,CompleteCheckNode_1,CompleteCheckNode_2,OpenPopupButton_1,OpenPopupButton_2,ScrollTableId,ShowCountText_1,ShowCountText_2,ShowFixedImage_1,ShowFixedImage_2,ShowFixedText_1,ShowFixedText_2,ShowFixedText_3,ShowFixedText_4,ShowLocalText_1,ShowLocalText_2,_key
bc_event_FlexibleCcbTest_Cell1.ccbi,,,,,ScrollTableTest,,,,,,,,,,,ScrollTableTest_1
bc_event_FlexibleCcbTest_Cell1.ccbi,,,,,ScrollTableTest,,,,,,,,,,,ScrollTableTest_10
bc_event_FlexibleCcbTest_Cell1.ccbi,,,,,ScrollTableTest,,,,,,,,,,,ScrollTableTest_2
bc_event_FlexibleCcbTest_Cell1.ccbi,,,,,ScrollTableTest,,,,,,,,,,,ScrollTableTest_3
bc_event_FlexibleCcbTest_Cell1.ccbi,,,,,ScrollTableTest,,,,,,,,,,,ScrollTableTest_4
bc_event_FlexibleCcbTest_Cell1.ccbi,,,,,ScrollTableTest,,,,,,,,,,,ScrollTableTest_5
bc_event_FlexibleCcbTest_Cell1.ccbi,,,,,ScrollTableTest,,,,,,,,,,,ScrollTableTest_6
bc_event_FlexibleCcbTest_Cell1.ccbi,,,,,ScrollTableTest,,,,,,,,,,,ScrollTableTest_7
bc_event_FlexibleCcbTest_Cell1.ccbi,,,,,ScrollTableTest,,,,,,,,,,,ScrollTableTest_8
bc_event_FlexibleCcbTest_Cell1.ccbi,,,,,ScrollTableTest,,,,,,,,,,,ScrollTableTest_9
